day,baseline_bed_depth_mm,pvsf_csp_only_bed_depth_mm,full_system_bed_depth_mm,full_system_cum_flushes
0,0.0,0.0,0.0,0
1,0.0,0.0,0.0,0
2,0.0,0.0,0.0,0
3,0.0,0.0,0.0,0
4,0.0,0.0,0.0,0
5,0.0,0.0,0.0,0
6,0.0,0.0,0.0,0
7,0.0,0.0,0.0,0
8,0.0,0.0,0.0,0
9,0.0,0.0,0.0,0
10,0.0,0.0,0.0,0
11,0.0,0.0,0.0,0
12,0.0,0.0,0.0,0
13,0.0,0.0,0.0,0
14,0.0,0.245,0.0,0
15,0.0,0.245,0.0,0
16,0.0,0.531,0.0,0
17,0.0,0.531,0.0,0
18,0.0,0.531,0.0,0
19,0.0,0.531,0.0,0
20,0.0,0.531,0.0,0
21,0.0,0.531,0.0,0
22,0.0,0.531,0.0,0
23,0.0,0.531,0.0,0
24,0.0,0.531,0.0,0
25,0.0,0.531,0.0,0
26,0.0,0.531,0.0,0
27,0.0,0.531,0.0,0
28,0.0,0.531,0.0,0
29,0.0,0.531,0.0,0
30,0.0,0.531,0.0,0
31,0.0,0.531,0.0,0
32,0.0,0.531,0.0,0
33,0.0,0.531,0.0,0
34,0.0,0.531,0.0,0
35,0.0,0.531,0.0,0
36,0.0,0.531,0.0,0
37,0.0,0.531,0.0,0
38,0.0,0.531,0.0,0
39,0.0,0.531,0.0,0
40,0.0,0.531,0.0,0
41,0.0,0.531,0.0,0
42,0.0,0.531,0.0,0
43,0.0,0.531,0.0,0
44,0.0,0.531,0.0,0
45,0.0,0.531,0.0,0
46,0.0,0.531,0.0,0
47,0.0,0.531,0.0,0
48,0.0,0.531,0.0,0
49,0.0,0.531,0.0,0
50,0.0,0.531,0.0,0
51,1.912,0.531,0.0,0
52,1.912,0.531,0.0,0
53,1.912,0.531,0.0,0
54,1.912,0.531,0.0,0
55,1.912,0.531,0.0,0
56,1.912,0.531,0.0,0
57,1.912,0.531,0.0,0
58,1.912,0.531,0.0,0
59,1.912,0.531,0.0,0
60,1.912,0.531,0.0,0
61,1.912,0.531,0.0,0
62,1.912,0.531,0.0,0
63,1.912,0.531,0.0,0
64,1.912,0.531,0.0,0
65,1.912,0.531,0.0,0
66,1.912,0.531,0.0,0
67,1.912,0.531,0.0,0
68,1.912,0.531,0.0,0
69,1.912,0.531,0.0,0
70,1.912,0.531,0.0,0
71,1.912,0.531,0.0,0
72,1.912,0.531,0.0,0
73,1.912,0.531,0.0,0
74,1.912,0.531,0.0,0
75,1.912,0.531,0.0,0
76,1.912,0.531,0.0,0
77,1.912,0.531,0.0,0
78,1.912,0.531,0.0,0
79,1.912,0.531,0.0,0
80,1.912,0.531,0.0,0
81,1.912,0.531,0.0,0
82,1.912,0.531,0.0,0
83,1.912,0.531,0.0,0
84,1.912,0.531,0.0,0
85,1.912,0.531,0.0,0
86,1.912,0.966,0.0,0
87,1.912,0.966,0.0,0
88,1.912,0.966,0.0,0
89,1.912,0.966,0.0,0
90,1.912,0.966,0.0,0
91,1.912,0.966,0.0,0
92,1.912,0.966,0.0,0
93,1.912,0.966,0.0,0
94,1.912,0.966,0.0,0
95,1.912,0.966,0.0,0
96,1.912,0.966,0.0,0
97,1.912,0.966,0.0,0
98,1.912,0.966,0.0,0
99,1.912,0.966,0.0,0
100,1.912,0.966,0.0,0
101,1.912,0.966,0.0,0
102,1.912,0.966,0.0,0
103,1.912,0.966,0.0,0
104,1.912,0.966,0.0,0
105,1.912,0.966,0.0,0
106,1.912,0.966,0.0,0
107,1.912,0.966,0.0,0
108,1.912,0.966,0.0,0
109,1.912,0.966,0.0,0
110,1.912,0.966,0.0,0
111,1.912,0.966,0.0,0
112,1.912,0.966,0.0,0
113,1.912,0.966,0.178,0
114,1.912,1.186,0.178,0
115,1.912,1.186,0.178,0
116,1.912,1.186,0.178,0
117,1.912,1.186,0.178,0
118,1.912,1.186,0.178,0
119,1.912,1.186,0.178,0
120,1.912,1.186,0.178,0
121,1.912,1.186,0.178,0
122,1.912,1.186,0.178,0
123,1.912,1.186,0.178,0
124,1.912,1.186,0.178,0
125,1.912,1.186,0.178,0
126,1.912,1.186,0.178,0
127,1.912,1.186,0.178,0
128,1.912,1.186,0.178,0
129,1.912,1.186,0.178,0
130,1.912,1.186,0.178,0
131,1.912,1.186,0.178,0
132,1.912,1.186,0.178,0
133,1.912,1.186,0.178,0
134,1.912,1.186,0.178,0
135,1.912,1.186,0.178,0
136,1.912,1.186,0.178,0
137,1.912,1.186,0.178,0
138,1.912,1.186,0.178,0
139,1.912,1.186,0.178,0
140,1.912,1.186,0.178,0
141,1.912,1.186,0.178,0
142,1.912,1.186,0.178,0
143,1.912,1.186,0.178,0
144,1.912,1.186,0.178,0
145,1.912,1.186,0.178,0
146,1.912,1.186,0.178,0
147,1.912,1.186,0.178,0
148,1.912,1.186,0.178,0
149,1.912,1.186,0.178,0
150,1.912,1.186,0.178,0
151,2.775,1.186,0.462,0
152,3.975,1.186,0.462,0
153,3.975,1.186,0.462,0
154,3.975,1.186,0.462,0
155,3.975,1.186,0.462,0
156,3.975,1.186,0.462,0
157,5.166,1.186,0.462,0
158,5.166,1.397,0.715,0
159,6.207,2.335,0.715,0
160,6.207,2.335,0.715,0
161,6.207,2.574,0.715,0
162,6.207,2.574,0.715,0
163,6.207,2.574,0.715,0
164,6.207,2.574,0.715,0
165,6.207,2.574,0.715,0
166,6.207,2.574,0.715,0
167,6.207,2.574,0.715,0
168,6.207,2.844,0.715,0
169,7.43,2.844,0.715,0
170,7.43,3.145,0.715,0
171,7.43,3.394,0.715,0
172,7.43,3.394,0.715,0
173,7.43,3.589,0.715,0
174,7.43,3.589,0.715,0
175,7.43,3.589,0.715,0
176,7.43,3.854,0.715,0
177,7.43,3.854,0.943,0
178,7.43,3.854,1.226,0
179,7.43,3.854,1.226,0
180,7.43,3.854,1.226,0
181,11.468,3.854,1.226,0
182,11.468,4.124,1.226,0
183,11.468,4.124,1.226,0
184,11.468,4.124,1.226,0
185,15.989,4.124,1.226,0
186,17.266,4.124,1.502,0
187,17.266,4.124,1.502,0
188,17.266,4.124,1.502,0
189,17.266,4.124,1.502,0
190,17.266,4.124,1.763,0
191,17.266,4.124,1.763,0
192,17.266,4.124,1.763,0
193,17.266,4.124,1.763,0
194,19.234,4.124,1.763,0
195,19.234,4.124,1.763,0
196,21.599,4.124,1.763,0
197,23.16,4.124,1.763,0
198,23.16,4.124,1.763,0
199,23.16,4.55,2.02,0
200,23.16,4.55,2.304,0
201,23.16,4.804,2.304,0
202,23.16,5.086,2.304,0
203,23.16,5.086,2.304,0
204,24.362,5.086,2.304,0
205,24.362,5.086,2.304,0
206,24.362,5.37,2.304,0
207,24.362,5.37,2.304,0
208,24.362,5.662,2.304,0
209,24.362,5.662,2.304,0
210,24.362,5.662,2.304,0
211,26.221,5.662,2.304,0
212,26.221,5.662,2.304,0
213,27.918,5.662,2.304,0
214,27.918,5.662,2.559,0
215,27.918,5.662,2.559,0
216,27.918,5.662,2.559,0
217,27.918,5.662,2.559,0
218,27.918,5.662,2.559,0
219,27.918,5.662,2.559,0
220,27.918,5.662,2.559,0
221,31.231,6.296,2.559,0
222,31.231,6.296,2.559,0
223,31.231,6.296,2.559,0
224,31.231,6.296,2.559,0
225,31.231,6.296,2.559,0
226,31.231,6.296,2.559,0
227,31.231,6.296,2.559,0
228,31.231,6.296,2.559,0
229,31.231,6.296,2.559,0
230,31.231,6.578,2.559,0
231,31.231,6.854,2.559,0
232,31.231,6.854,2.559,0
233,31.231,6.854,2.799,0
234,31.231,6.854,2.799,0
235,31.231,7.123,2.799,0
236,31.231,7.123,2.799,0
237,31.231,7.358,2.799,0
238,31.231,7.358,2.799,0
239,32.027,7.645,2.799,0
240,32.027,7.645,2.799,0
241,32.027,7.645,2.799,0
242,32.027,7.645,2.799,0
243,32.027,7.645,2.799,0
244,32.027,7.645,2.799,0
245,32.027,7.645,2.799,0
246,32.027,7.645,2.799,0
247,32.027,7.645,2.799,0
248,32.027,7.645,2.799,0
249,32.027,7.645,2.799,0
250,32.027,7.645,2.799,0
251,32.027,7.645,2.799,0
252,32.027,7.645,2.799,0
253,32.027,7.645,2.799,0
254,32.027,7.645,2.799,0
255,32.027,7.645,2.799,0
256,32.027,7.645,2.799,0
257,32.027,7.645,2.799,0
258,32.027,7.645,2.799,0
259,32.027,7.645,2.799,0
260,32.027,7.645,2.799,0
261,32.027,7.645,2.799,0
262,32.027,7.645,3.081,0
263,32.027,7.645,3.081,0
264,32.027,7.645,3.081,0
265,32.027,7.645,3.081,0
266,32.027,7.645,3.081,0
267,32.027,7.645,3.081,0
268,32.027,7.645,3.081,0
269,32.027,7.645,3.081,0
270,32.027,7.645,3.081,0
271,32.027,7.645,3.081,0
272,32.027,7.645,3.368,0
273,32.027,7.645,3.368,0
274,32.027,7.645,3.368,0
275,32.027,7.645,3.368,0
276,32.027,7.645,3.368,0
277,32.027,7.645,3.368,0
278,32.027,7.645,3.368,0
279,32.027,7.645,3.368,0
280,32.027,7.645,3.368,0
281,32.027,7.645,3.368,0
282,32.027,7.645,3.368,0
283,32.027,7.645,3.368,0
284,32.027,7.645,3.368,0
285,32.027,7.645,3.368,0
286,32.027,7.645,3.368,0
287,32.027,7.645,3.368,0
288,32.027,7.645,3.368,0
289,32.027,7.645,3.368,0
290,32.027,7.645,3.368,0
291,32.027,7.645,3.368,0
292,32.027,7.645,3.368,0
293,32.027,7.645,3.368,0
294,32.027,7.645,3.368,0
295,32.027,7.645,3.368,0
296,32.027,7.645,3.368,0
297,32.027,7.645,3.368,0
298,32.027,7.645,3.368,0
299,32.027,7.645,3.368,0
300,32.027,7.645,3.368,0
301,32.027,7.645,3.368,0
302,32.027,7.645,3.368,0
303,32.027,7.645,3.368,0
304,32.027,7.645,3.368,0
305,32.027,7.645,3.368,0
306,32.027,7.645,3.368,0
307,32.027,7.645,3.368,0
308,32.027,7.645,3.368,0
309,32.027,7.645,3.368,0
310,32.027,7.645,3.368,0
311,32.027,7.645,3.368,0
312,32.027,7.645,3.368,0
313,32.027,7.645,3.368,0
314,32.027,7.645,3.368,0
315,32.027,7.645,3.368,0
316,32.027,7.645,3.368,0
317,32.027,7.645,3.368,0
318,32.027,7.645,3.368,0
319,32.027,7.645,3.368,0
320,32.027,7.645,3.368,0
321,32.027,7.645,3.368,0
322,32.027,7.645,3.368,0
323,32.027,7.645,3.368,0
324,32.027,7.645,3.368,0
325,32.027,7.645,3.368,0
326,32.027,7.645,3.677,0
327,32.027,7.645,3.677,0
328,32.027,7.645,3.677,0
329,32.027,7.645,3.677,0
330,32.027,7.645,3.677,0
331,32.027,7.645,3.677,0
332,32.027,7.645,3.677,0
333,32.027,7.645,3.677,0
334,32.027,7.645,3.677,0
335,32.027,7.645,3.677,0
336,32.027,7.645,3.677,0
337,32.027,7.645,3.677,0
338,32.027,7.645,3.677,0
339,32.027,7.645,3.677,0
340,32.027,7.985,3.677,0
341,32.027,7.985,3.677,0
342,32.027,7.985,3.677,0
343,32.027,7.985,3.677,0
344,32.027,7.985,3.677,0
345,32.027,7.985,3.677,0
346,32.027,7.985,3.677,0
347,32.027,7.985,3.677,0
348,32.027,7.985,3.677,0
349,32.027,7.985,3.677,0
350,32.027,7.985,3.677,0
351,32.027,7.985,3.677,0
352,32.027,7.985,3.677,0
353,32.027,7.985,3.677,0
354,32.027,7.985,3.677,0
355,32.027,7.985,3.677,0
356,32.027,7.985,3.677,0
357,32.027,7.985,3.677,0
358,32.027,7.985,3.677,0
359,32.027,7.985,3.677,0
360,32.027,7.985,3.677,0
361,32.027,7.985,3.677,0
362,32.027,7.985,3.677,0
363,32.027,7.985,3.677,0
364,32.027,7.985,3.677,0
365,32.027,7.985,3.677,0
366,32.027,7.985,3.677,0
367,32.027,7.985,3.677,0
368,32.027,7.985,3.677,0
369,32.027,7.985,3.677,0
370,32.027,7.985,3.677,0
371,32.027,7.985,3.677,0
372,32.027,7.985,3.677,0
373,32.027,7.985,3.677,0
374,32.027,7.985,3.677,0
375,35.553,7.985,3.677,0
376,35.553,7.985,3.677,0
377,35.553,7.985,3.677,0
378,35.553,7.985,3.677,0
379,35.553,7.985,3.677,0
380,35.553,7.985,3.677,0
381,35.553,7.985,3.677,0
382,35.553,7.985,3.677,0
383,35.553,7.985,3.677,0
384,35.553,7.985,3.872,0
385,35.553,7.985,3.872,0
386,35.553,7.985,3.872,0
387,35.553,7.985,3.872,0
388,35.553,7.985,3.872,0
389,35.553,7.985,3.872,0
390,35.553,7.985,3.872,0
391,35.553,7.985,3.872,0
392,35.553,7.985,3.872,0
393,35.553,7.985,3.872,0
394,35.553,7.985,3.872,0
395,35.553,7.985,3.872,0
396,35.553,7.985,3.872,0
397,35.553,7.985,3.872,0
398,35.553,7.985,3.872,0
399,35.553,7.985,3.872,0
400,35.553,7.985,3.872,0
401,35.553,7.985,3.872,0
402,38.197,7.985,3.872,0
403,38.197,7.985,3.872,0
404,38.197,7.985,3.872,0
405,38.197,7.985,3.872,0
406,38.197,7.985,3.872,0
407,38.197,7.985,4.161,0
408,38.197,7.985,4.161,0
409,38.197,7.985,4.161,0
410,38.197,7.985,4.161,0
411,38.197,7.985,4.161,0
412,38.197,7.985,4.161,0
413,38.197,7.985,4.161,0
414,38.197,7.985,4.161,0
415,38.197,7.985,4.161,0
416,38.197,7.985,4.547,0
417,38.197,7.985,4.547,0
418,38.197,7.985,4.547,0
419,38.197,7.985,4.547,0
420,38.197,7.985,4.547,0
421,38.197,7.985,4.547,0
422,38.197,7.985,4.547,0
423,38.197,7.985,4.547,0
424,38.197,8.256,4.547,0
425,38.197,8.256,4.547,0
426,38.197,8.256,4.547,0
427,38.197,8.256,4.547,0
428,38.197,8.256,4.547,0
429,38.197,8.256,4.547,0
430,38.197,8.256,4.547,0
431,38.197,8.256,4.547,0
432,38.197,8.256,4.547,0
433,38.197,8.53,4.547,0
434,38.197,8.53,4.547,0
435,38.197,8.53,4.547,0
436,38.197,8.53,4.547,0
437,38.197,8.53,4.83,0
438,38.197,8.53,4.83,0
439,38.197,8.53,4.83,0
440,38.197,8.53,4.83,0
441,38.197,8.53,4.83,0
442,38.197,8.53,4.83,0
443,38.197,8.53,4.83,0
444,38.197,8.53,4.83,0
445,38.197,8.53,4.83,0
446,38.197,8.53,4.83,0
447,38.197,8.53,4.83,0
448,38.197,8.53,4.83,0
449,38.197,8.53,4.83,0
450,38.197,8.53,4.83,0
451,38.197,8.53,4.83,0
452,38.197,8.53,4.83,0
453,38.197,8.53,4.83,0
454,38.197,8.53,4.83,0
455,38.197,8.53,4.83,0
456,38.197,8.53,4.83,0
457,38.197,8.53,4.83,0
458,38.197,8.53,4.83,0
459,38.197,8.53,4.83,0
460,38.197,8.53,4.83,0
461,38.197,8.53,4.83,0
462,38.197,8.53,4.83,0
463,38.197,8.53,4.83,0
464,38.197,8.53,4.83,0
465,38.197,8.53,4.83,0
466,38.197,8.53,4.83,0
467,38.197,8.53,4.83,0
468,38.197,8.53,4.83,0
469,38.197,8.53,4.83,0
470,38.197,8.53,4.83,0
471,38.197,8.53,4.83,0
472,38.197,8.53,4.83,0
473,38.197,8.53,4.83,0
474,38.197,8.53,4.83,0
475,38.197,8.53,4.83,0
476,38.197,8.53,4.83,0
477,38.197,8.53,4.83,0
478,38.197,8.53,4.83,0
479,38.197,8.53,4.83,0
480,38.197,8.53,4.83,0
481,38.197,8.53,4.83,0
482,38.197,8.53,4.83,0
483,38.197,8.53,4.83,0
484,38.197,8.53,4.83,0
485,38.197,8.53,4.83,0
486,38.197,8.53,4.83,0
487,38.197,8.53,4.83,0
488,38.197,8.53,4.83,0
489,38.197,8.53,4.83,0
490,38.197,8.53,4.83,0
491,38.197,8.53,4.83,0
492,38.197,8.53,4.83,0
493,38.197,8.53,4.83,0
494,38.197,8.53,4.83,0
495,38.197,8.53,4.83,0
496,38.197,8.53,4.83,0
497,38.683,8.53,4.83,0
498,38.683,8.53,4.83,0
499,38.683,8.53,4.83,0
500,38.683,8.53,4.83,0
501,38.683,8.53,4.83,0
502,38.683,8.53,5.104,0
503,38.683,8.53,5.104,0
504,38.683,8.53,5.104,0
505,38.683,8.53,5.104,0
506,38.683,8.53,5.104,0
507,38.683,8.53,5.104,0
508,38.683,8.53,5.104,0
509,38.683,8.53,5.104,0
510,38.683,8.53,5.104,0
511,38.683,8.53,5.104,0
512,41.266,8.53,5.104,0
513,41.266,8.53,5.104,0
514,41.266,8.53,5.104,0
515,44.021,8.863,5.104,0
516,44.021,8.863,5.393,0
517,44.021,8.863,5.393,0
518,44.021,8.863,5.393,0
519,44.021,8.863,5.393,0
520,47.752,9.176,5.393,0
521,47.752,9.176,5.393,0
522,49.491,9.176,5.393,0
523,49.491,9.176,5.393,0
524,49.491,9.176,5.393,0
525,50.405,9.349,5.629,0
526,50.405,9.349,5.945,0
527,51.033,9.349,5.945,0
528,51.033,9.637,5.945,0
529,51.033,9.637,5.945,0
530,51.033,9.637,5.945,0
531,51.033,9.637,5.945,0
532,51.617,9.637,5.945,0
533,51.617,9.637,5.945,0
534,51.617,9.637,5.945,0
535,51.617,9.909,5.945,0
536,51.617,9.909,6.217,0
537,51.617,9.909,6.217,0
538,52.494,9.909,6.217,0
539,52.494,10.156,6.548,0
540,52.494,10.156,6.548,0
541,52.494,10.156,6.548,0
542,52.494,10.156,6.548,0
543,52.494,10.156,6.787,0
544,52.494,10.156,6.787,0
545,52.494,10.309,6.787,0
546,52.494,10.309,6.787,0
547,52.494,10.309,6.787,0
548,52.494,10.523,6.787,0
549,52.494,10.523,6.977,0
550,52.494,10.523,7.229,0
551,52.494,10.896,7.229,0
552,54.035,10.896,7.229,0
553,54.035,10.896,7.229,0
554,54.035,10.896,7.229,0
555,56.793,11.171,7.503,0
556,56.793,11.171,7.766,0
557,57.879,11.171,7.766,0
558,57.879,11.171,7.766,0
559,57.879,11.171,7.766,0
560,57.879,11.171,7.766,0
561,59.76,11.171,7.766,0
562,59.76,11.673,7.949,0
563,59.76,11.673,7.949,0
564,59.76,11.673,7.949,0
565,59.76,11.673,7.949,0
566,59.76,11.961,7.949,0
567,59.76,11.961,7.949,0
568,59.76,11.961,7.949,0
569,59.76,11.961,7.949,0
570,59.76,11.961,7.949,0
571,59.76,11.961,7.949,0
572,59.76,11.961,7.949,0
573,65.087,11.961,7.949,0
574,65.087,12.228,7.949,0
575,65.087,12.228,8.209,0
576,65.087,12.228,8.209,0
577,65.087,12.228,8.209,0
578,65.087,12.228,8.209,0
579,65.087,12.228,8.209,0
580,65.087,12.228,8.495,0
581,65.087,12.228,8.495,0
582,65.087,12.51,8.495,0
583,65.832,12.51,8.495,0
584,65.832,12.861,8.495,0
585,65.832,12.861,8.495,0
586,65.832,12.861,8.767,0
587,65.832,12.861,8.767,0
588,65.832,12.861,8.767,0
589,65.832,12.861,9.039,0
590,65.832,13.33,9.039,0
591,66.935,13.33,9.039,0
592,66.935,13.33,9.039,0
593,66.935,13.594,9.039,0
594,66.935,13.594,9.039,0
595,67.52,13.594,9.039,0
596,68.384,13.594,9.039,0
597,68.384,13.594,9.437,0
598,68.384,13.594,9.437,0
599,68.384,13.594,9.437,0
600,68.384,13.841,9.437,0
601,68.384,14.004,9.437,0
602,68.384,14.258,9.437,0
603,69.496,14.536,9.714,0
604,69.496,14.536,9.714,0
605,69.496,14.536,9.714,0
606,71.384,14.536,9.714,0
607,71.384,14.536,9.714,0
608,71.384,14.536,9.714,0
609,71.384,14.536,9.714,0
610,71.384,14.536,9.714,0
611,71.384,14.536,9.714,0
612,71.384,14.536,9.714,0
613,71.384,14.536,9.714,0
614,71.384,14.536,9.714,0
615,71.384,14.536,9.714,0
616,71.384,14.536,9.714,0
617,71.384,14.536,9.714,0
618,71.384,14.536,9.714,0
619,71.384,14.536,9.714,0
620,71.384,14.536,9.714,0
621,71.384,14.536,9.714,0
622,71.384,14.536,9.714,0
623,71.384,14.536,9.714,0
624,71.384,14.536,9.714,0
625,71.384,14.536,9.714,0
626,71.384,14.536,9.714,0
627,71.384,14.536,9.714,0
628,71.384,14.536,9.714,0
629,71.384,14.536,9.714,0
630,71.384,14.536,9.714,0
631,71.384,14.536,9.714,0
632,71.384,14.536,9.714,0
633,71.384,14.536,9.714,0
634,71.384,14.536,10.105,0
635,71.384,14.536,10.105,0
636,71.384,14.536,10.105,0
637,71.384,14.536,10.105,0
638,71.384,14.536,10.105,0
639,71.384,14.536,10.105,0
640,71.384,14.536,10.105,0
641,72.338,14.536,10.105,0
642,72.338,14.536,10.105,0
643,72.338,14.536,10.105,0
644,72.338,14.536,10.105,0
645,72.338,14.536,10.105,0
646,72.338,14.536,10.105,0
647,72.338,14.536,10.105,0
648,72.338,14.536,10.105,0
649,72.338,14.536,10.105,0
650,72.338,14.536,10.105,0
651,72.338,14.536,10.105,0
652,72.338,14.536,10.105,0
653,72.338,14.536,10.105,0
654,72.338,14.536,10.105,0
655,72.338,14.536,10.105,0
656,72.338,14.536,10.105,0
657,72.338,14.536,10.105,0
658,72.338,14.536,10.105,0
659,72.338,14.536,10.105,0
660,72.338,14.536,10.105,0
661,72.338,14.536,10.105,0
662,72.338,14.536,10.105,0
663,72.338,14.536,10.105,0
664,72.338,14.536,10.105,0
665,72.338,14.536,10.105,0
666,72.338,14.536,10.105,0
667,72.338,14.536,10.105,0
668,72.338,14.536,10.105,0
669,72.338,14.536,10.105,0
670,72.338,14.536,10.105,0
671,72.338,14.536,10.105,0
672,72.338,14.536,10.105,0
673,72.338,14.536,10.105,0
674,72.338,14.536,10.105,0
675,72.338,14.536,10.105,0
676,72.338,14.536,10.105,0
677,72.338,14.536,10.105,0
678,72.338,14.536,10.105,0
679,72.338,14.536,10.105,0
680,72.338,14.536,10.105,0
681,72.338,14.536,10.105,0
682,72.338,14.536,10.105,0
683,72.338,14.536,10.105,0
684,72.338,14.536,10.105,0
685,72.338,14.536,10.105,0
686,72.338,14.536,10.105,0
687,72.338,14.536,10.105,0
688,72.338,14.536,10.105,0
689,72.338,14.536,10.105,0
690,72.338,14.536,10.105,0
691,72.338,14.536,10.105,0
692,72.338,14.536,10.105,0
693,72.338,14.536,10.105,0
694,72.338,14.536,10.105,0
695,72.338,14.536,10.105,0
696,72.338,14.536,10.105,0
697,72.338,14.536,10.105,0
698,74.787,14.536,10.105,0
699,74.787,14.536,10.105,0
700,76.203,14.536,10.105,0
701,76.203,14.536,10.105,0
702,76.203,14.536,10.105,0
703,76.203,14.536,10.105,0
704,76.203,14.536,10.105,0
705,76.203,14.536,10.105,0
706,76.203,14.536,10.105,0
707,76.203,14.536,10.105,0
708,76.203,14.536,10.105,0
709,76.203,14.536,10.105,0
710,76.203,14.536,10.105,0
711,76.203,14.536,10.105,0
712,76.203,14.536,10.105,0
713,76.203,14.536,10.105,0
714,76.203,14.536,10.105,0
715,76.203,14.536,10.105,0
716,76.203,14.536,10.105,0
717,76.203,14.536,10.105,0
718,76.203,14.536,10.105,0
719,76.203,14.536,10.105,0
720,76.203,14.536,10.105,0
721,78.766,14.536,10.105,0
722,78.766,14.536,10.377,0
723,78.766,14.536,10.377,0
724,78.766,14.536,10.377,0
725,78.766,14.536,10.377,0
726,78.766,14.536,10.377,0
727,78.766,14.536,10.377,0
728,78.766,14.536,10.377,0
729,81.575,14.536,10.377,0
730,81.575,14.536,10.377,0
731,81.575,14.536,10.377,0
732,81.575,14.536,10.377,0
733,81.575,14.536,10.377,0
734,81.575,14.536,10.377,0
735,81.575,14.536,10.377,0
736,81.575,14.77,10.377,0
737,81.575,14.77,10.377,0
738,81.575,14.77,10.377,0
739,81.575,14.77,10.377,0
740,81.575,14.77,10.377,0
741,81.575,14.77,10.377,0
742,81.575,14.77,10.377,0
743,81.575,14.77,10.377,0
744,81.575,14.77,10.377,0
745,81.575,14.77,10.377,0
746,81.575,14.77,10.377,0
747,81.575,15.029,10.377,0
748,81.575,15.029,10.377,0
749,81.575,15.029,10.377,0
750,82.727,15.029,10.377,0
751,82.727,15.029,10.377,0
752,82.727,15.029,10.377,0
753,82.727,15.029,10.377,0
754,82.727,15.029,10.377,0
755,82.727,15.029,10.377,0
756,82.727,15.029,10.377,0
757,82.727,15.029,10.377,0
758,82.727,15.029,10.377,0
759,82.727,15.029,10.377,0
760,82.727,15.029,10.377,0
761,82.727,15.029,10.377,0
762,82.727,15.029,10.377,0
763,84.259,15.029,10.377,0
764,84.259,15.029,10.377,0
765,84.259,15.029,10.377,0
766,84.259,15.029,10.377,0
767,84.259,15.029,10.377,0
768,84.259,15.029,10.377,0
769,84.259,15.029,10.377,0
770,84.259,15.029,10.377,0
771,84.259,15.029,10.377,0
772,84.259,15.029,10.377,0
773,84.259,15.029,10.377,0
774,84.259,15.029,10.377,0
775,84.259,15.029,10.377,0
776,84.259,15.029,10.377,0
777,87.18,15.029,10.377,0
778,87.18,15.029,10.377,0
779,87.18,15.029,10.377,0
780,87.18,15.029,10.377,0
781,87.18,15.029,10.377,0
782,87.18,15.029,10.377,0
783,87.18,15.029,10.377,0
784,87.18,15.029,10.377,0
785,87.18,15.029,10.377,0
786,87.18,15.029,10.377,0
787,87.18,15.029,10.377,0
788,87.18,15.029,10.377,0
789,87.18,15.029,10.377,0
790,87.18,15.029,10.377,0
791,88.316,15.029,10.377,0
792,88.316,15.029,10.377,0
793,88.316,15.029,10.377,0
794,88.316,15.029,10.377,0
795,88.316,15.029,10.377,0
796,88.316,15.029,10.377,0
797,88.316,15.029,10.377,0
798,88.316,15.029,10.377,0
799,88.316,15.029,10.377,0
800,88.316,15.029,10.377,0
801,88.316,15.029,10.377,0
802,88.316,15.029,10.377,0
803,88.316,15.029,10.377,0
804,88.316,15.029,10.377,0
805,88.316,15.029,10.377,0
806,88.316,15.029,10.377,0
807,88.316,15.029,10.377,0
808,88.316,15.029,10.377,0
809,88.316,15.029,10.377,0
810,88.316,15.029,10.377,0
811,88.316,15.029,10.377,0
812,88.316,15.029,10.377,0
813,88.316,15.029,10.377,0
814,88.316,15.029,10.377,0
815,88.316,15.029,10.377,0
816,88.316,15.029,10.377,0
817,88.316,15.029,10.377,0
818,88.316,15.029,10.377,0
819,88.316,15.029,10.377,0
820,88.316,15.029,10.377,0
821,88.316,15.029,10.377,0
822,88.316,15.029,10.377,0
823,88.316,15.029,10.377,0
824,88.316,15.029,10.377,0
825,88.316,15.029,10.377,0
826,88.316,15.029,10.377,0
827,88.316,15.029,10.377,0
828,88.316,15.029,10.377,0
829,88.316,15.029,10.377,0
830,88.316,15.029,10.377,0
831,88.316,15.029,10.377,0
832,88.316,15.029,10.377,0
833,88.316,15.029,10.377,0
834,88.316,15.029,10.377,0
835,88.316,15.029,10.377,0
836,88.316,15.029,10.377,0
837,88.316,15.029,10.377,0
838,88.316,15.029,10.377,0
839,88.316,15.029,10.377,0
840,88.316,15.029,10.377,0
841,88.316,15.029,10.377,0
842,88.316,15.029,10.377,0
843,88.316,15.029,10.377,0
844,88.316,15.029,10.377,0
845,88.316,15.029,10.377,0
846,88.316,15.029,10.377,0
847,88.316,15.029,10.377,0
848,88.316,15.029,10.377,0
849,88.316,15.029,10.377,0
850,88.316,15.029,10.377,0
851,88.316,15.029,10.377,0
852,88.316,15.029,10.618,0
853,88.316,15.029,10.88,0
854,88.316,15.029,10.88,0
855,88.316,15.029,10.88,0
856,88.316,15.029,10.88,0
857,88.316,15.029,10.88,0
858,88.316,15.029,10.88,0
859,88.316,15.029,10.88,0
860,88.316,15.029,10.88,0
861,88.316,15.029,10.88,0
862,88.316,15.029,10.88,0
863,88.316,15.029,10.88,0
864,88.316,15.029,10.88,0
865,88.316,15.029,10.88,0
866,88.316,15.029,10.88,0
867,88.316,15.029,10.88,0
868,88.316,15.029,10.88,0
869,88.316,15.029,11.159,0
870,88.316,15.029,11.159,0
871,88.316,15.029,11.159,0
872,88.316,15.029,11.159,0
873,88.316,15.029,11.159,0
874,88.316,15.029,11.159,0
875,88.316,15.029,11.159,0
876,88.316,15.029,11.159,0
877,88.316,15.029,11.159,0
878,88.316,15.029,11.159,0
879,88.316,15.029,11.159,0
880,88.316,15.029,11.159,0
881,88.316,15.314,11.159,0
882,88.316,15.314,11.159,0
883,88.316,15.314,11.159,0
884,88.316,15.789,11.159,0
885,88.316,15.789,11.159,0
886,88.316,15.987,11.159,0
887,89.72,15.987,11.159,0
888,91.396,15.987,11.159,0
889,91.396,15.987,11.159,0
890,93.435,15.987,11.159,0
891,93.435,16.255,11.159,0
892,93.435,16.524,11.482,0
893,93.435,16.524,11.482,0
894,93.435,16.524,11.482,0
895,93.435,16.524,11.482,0
896,93.435,16.777,11.482,0
897,93.435,17.067,11.482,0
898,93.435,17.576,11.482,0
899,93.435,17.576,11.482,0
900,94.39,17.576,11.482,0
901,94.39,17.576,11.482,0
902,94.39,17.88,11.727,0
903,94.39,17.88,11.727,0
904,94.39,17.88,11.727,0
905,94.39,17.88,11.727,0
906,94.39,17.88,11.727,0
907,94.39,17.88,11.727,0
908,96.003,18.226,11.727,0
909,96.003,18.226,11.727,0
910,96.003,18.226,11.727,0
911,96.003,18.226,12.013,0
912,98.292,18.488,12.252,0
913,98.292,18.488,12.252,0
914,98.292,18.488,12.252,0
915,100.995,18.749,12.252,0
916,100.995,18.749,12.252,0
917,100.995,18.749,12.252,0
918,100.995,19.147,12.252,0
919,100.995,19.147,12.532,0
920,100.995,19.393,12.814,0
921,100.995,19.393,12.814,0
922,100.995,19.68,12.814,0
923,100.995,19.68,12.814,0
924,100.995,19.87,13.062,0
925,100.995,19.87,13.062,0
926,100.995,19.87,13.062,0
927,103.135,19.87,13.062,0
928,103.135,19.87,13.35,0
929,106.792,19.87,13.35,0
930,106.792,19.87,13.35,0
931,106.792,19.87,13.35,0
932,106.792,19.87,13.35,0
933,106.792,19.87,13.35,0
934,106.792,19.87,13.576,0
935,106.792,19.87,13.576,0
936,106.792,20.025,13.576,0
937,106.792,20.151,13.576,0
938,107.501,20.151,13.576,0
939,107.501,20.151,13.576,0
940,110.3,20.419,13.576,0
941,111.656,20.419,13.576,0
942,111.656,20.419,13.576,0
943,111.656,20.419,13.576,0
944,111.656,20.419,13.576,0
945,111.656,20.419,13.576,0
946,111.656,20.671,13.576,0
947,111.656,20.947,13.576,0
948,111.656,20.947,14.019,0
949,111.656,20.947,14.019,0
950,111.656,21.236,14.019,0
951,111.656,21.236,14.019,0
952,111.656,21.236,14.019,0
953,114.155,21.236,14.46,0
954,114.155,21.236,14.46,0
955,114.847,21.539,14.46,0
956,114.847,21.539,14.46,0
957,114.847,21.539,14.46,0
958,114.847,21.539,14.46,0
959,114.847,21.539,14.46,0
960,114.847,21.539,14.46,0
961,114.847,21.539,14.46,0
962,114.847,21.539,14.46,0
963,114.847,21.539,14.46,0
964,114.847,21.874,14.46,0
965,114.847,21.874,14.46,0
966,114.847,21.874,14.46,0
967,114.847,21.874,14.46,0
968,114.847,21.874,14.749,0
969,114.847,21.874,14.749,0
970,114.847,21.874,14.749,0
971,114.847,21.874,14.749,0
972,114.847,21.874,14.749,0
973,114.847,21.874,14.749,0
974,114.847,21.874,14.749,0
975,114.847,21.874,14.749,0
976,114.847,21.874,14.749,0
977,114.847,21.874,14.749,0
978,114.847,21.874,14.749,0
979,114.847,21.874,14.749,0
980,115.613,21.874,14.749,0
981,115.613,21.874,14.749,0
982,115.613,21.874,14.749,0
983,115.613,21.874,14.749,0
984,115.613,21.874,14.749,0
985,115.613,21.874,14.749,0
986,115.613,21.874,14.749,0
987,115.613,21.874,14.749,0
988,115.613,21.874,14.749,0
989,115.613,21.874,14.749,0
990,115.613,21.874,14.749,0
991,115.613,21.874,14.749,0
992,115.613,21.874,14.749,0
993,115.613,21.874,14.749,0
994,115.613,21.874,14.749,0
995,115.613,21.874,14.749,0
996,115.613,21.874,14.749,0
997,115.613,21.874,14.749,0
998,115.613,21.874,14.749,0
999,115.613,21.874,14.749,0
1000,115.613,21.874,14.749,0
1001,115.613,21.874,14.749,0
1002,115.613,21.874,14.749,0
1003,115.613,21.874,14.749,0
1004,115.613,21.874,14.749,0
1005,115.613,21.874,14.749,0
1006,115.613,21.874,14.749,0
1007,115.613,21.874,14.749,0
1008,115.613,21.874,14.749,0
1009,115.613,21.874,14.749,0
1010,115.613,21.874,14.749,0
1011,115.613,21.874,14.749,0
1012,115.613,21.874,14.749,0
1013,115.613,21.874,14.749,0
1014,115.613,21.874,14.749,0
1015,115.613,21.874,14.749,0
1016,115.613,21.874,14.749,0
1017,115.613,21.874,14.749,0
1018,115.613,21.874,14.749,0
1019,115.613,21.874,14.749,0
1020,115.613,21.874,14.749,0
1021,115.613,21.874,14.749,0
1022,115.613,21.874,14.749,0
1023,115.613,21.874,14.749,0
1024,115.613,21.874,14.749,0
1025,115.613,21.874,14.749,0
1026,115.613,21.874,14.749,0
1027,115.613,21.874,14.749,0
1028,115.613,22.187,14.749,0
1029,115.613,22.187,14.749,0
1030,115.613,22.187,8.644,12
1031,115.613,22.187,8.644,12
1032,115.613,22.187,8.644,12
1033,115.613,22.187,8.644,12
1034,115.613,22.187,8.644,12
1035,116.458,22.187,8.644,12
1036,116.458,22.187,8.644,12
1037,116.458,22.187,8.644,12
1038,116.458,22.187,8.644,12
1039,116.458,22.187,8.644,12
1040,116.458,22.187,8.644,12
1041,116.458,22.187,8.644,12
1042,116.458,22.187,8.644,12
1043,116.458,22.187,8.644,12
1044,116.458,22.187,8.644,12
1045,116.458,22.187,8.644,12
1046,116.458,22.187,8.644,12
1047,116.458,22.187,8.644,12
1048,116.458,22.187,8.644,12
1049,116.458,22.187,8.644,12
1050,116.458,22.187,8.644,12
1051,116.458,22.187,8.644,12
1052,116.458,22.187,8.644,12
1053,116.458,22.187,8.644,12
1054,116.458,22.187,8.858,12
1055,116.458,22.187,8.858,12
1056,116.458,22.187,8.858,12
1057,116.458,22.187,8.858,12
1058,116.458,22.187,8.858,12
1059,116.458,22.187,8.858,12
1060,116.458,22.544,8.858,12
1061,116.458,22.544,8.858,12
1062,116.458,22.544,8.858,12
1063,116.458,22.544,8.858,12
1064,116.458,22.544,8.858,12
1065,116.458,22.544,8.858,12
1066,116.458,22.544,8.858,12
1067,116.458,22.544,8.858,12
1068,116.458,22.544,8.858,12
1069,116.458,22.544,8.858,12
1070,116.458,22.544,8.858,12
1071,116.458,22.544,8.858,12
1072,116.458,22.544,8.858,12
1073,116.458,22.544,8.858,12
1074,116.458,22.544,8.858,12
1075,116.458,22.544,8.858,12
1076,116.458,22.544,8.858,12
1077,116.458,22.544,8.858,12
1078,116.458,22.544,8.858,12
1079,116.458,22.544,8.858,12
1080,116.458,22.544,8.858,12
1081,116.458,22.544,8.858,12
1082,116.458,22.544,8.858,12
1083,116.458,22.544,8.858,12
1084,116.458,22.544,8.858,12
1085,116.458,22.544,8.858,12
1086,116.458,22.544,8.858,12
1087,116.458,22.544,8.858,12
1088,116.458,22.544,8.858,12
1089,116.458,22.544,8.858,12
1090,116.458,22.544,8.858,12
1091,117.482,22.544,8.858,12
1092,117.482,22.544,8.858,12
1093,117.482,22.544,9.107,12
1094,117.482,22.544,9.107,12
1095,117.482,22.544,9.107,12
1096,117.482,22.544,9.107,12
1097,117.482,22.544,9.107,12
1098,117.482,22.544,9.107,12
1099,117.482,22.544,9.107,12
1100,117.482,22.544,9.107,12
1101,117.482,22.544,9.107,12
1102,117.482,22.544,9.107,12
1103,117.482,22.544,9.107,12
1104,117.482,22.544,9.107,12
1105,117.482,22.544,9.107,12
1106,117.482,22.544,9.107,12
1107,117.482,22.544,9.107,12
1108,117.482,22.544,9.107,12
1109,117.482,22.544,9.107,12
1110,117.482,22.544,9.107,12
1111,117.482,22.544,9.107,12
1112,117.482,22.544,9.107,12
1113,117.482,22.544,9.107,12
1114,117.482,22.544,9.107,12
1115,117.482,22.544,9.107,12
1116,117.482,22.544,9.107,12
1117,117.482,22.544,9.107,12
1118,117.482,22.544,9.107,12
1119,117.482,22.544,9.107,12
1120,117.482,22.544,9.107,12
1121,117.482,22.544,9.107,12
1122,117.482,22.544,9.107,12
1123,117.482,22.544,9.107,12
1124,117.482,22.544,9.107,12
1125,117.482,22.544,9.107,12
1126,117.482,22.544,9.107,12
1127,117.482,22.544,9.107,12
1128,117.482,22.544,9.107,12
1129,117.482,22.544,9.107,12
1130,117.482,22.544,9.107,12
1131,117.482,22.544,9.107,12
1132,117.482,22.544,9.107,12
1133,117.482,22.544,9.107,12
1134,117.482,22.544,9.107,12
1135,117.482,22.544,9.107,12
1136,117.482,22.544,9.107,12
1137,117.482,22.544,9.107,12
1138,117.482,22.544,9.107,12
1139,117.482,22.713,9.107,12
1140,117.482,22.713,9.107,12
1141,117.482,22.713,9.107,12
1142,117.482,22.713,9.107,12
1143,117.482,22.713,9.107,12
1144,117.482,22.713,9.107,12
1145,117.482,22.713,9.107,12
1146,117.482,22.713,9.107,12
1147,117.482,22.713,9.107,12
1148,117.482,22.713,9.107,12
1149,117.482,22.713,9.107,12
1150,117.482,22.713,9.107,12
1151,117.482,22.713,9.107,12
1152,117.482,22.713,9.107,12
1153,118.186,22.713,9.107,12
1154,118.186,22.713,9.107,12
1155,118.186,22.713,9.107,12
1156,118.186,22.713,9.107,12
1157,118.186,22.713,9.107,12
1158,118.186,22.713,9.107,12
1159,118.186,22.713,9.107,12
1160,118.186,22.713,9.107,12
1161,118.186,22.713,9.107,12
1162,118.186,22.713,9.107,12
1163,118.186,22.713,9.107,12
1164,118.186,22.713,9.107,12
1165,118.186,22.713,9.107,12
1166,118.186,23.002,9.107,12
1167,118.186,23.002,9.107,12
1168,118.186,23.002,9.107,12
1169,118.186,23.002,9.107,12
1170,118.186,23.002,9.107,12
1171,118.186,23.002,9.107,12
1172,118.186,23.002,9.107,12
1173,118.186,23.002,9.107,12
1174,118.186,23.002,9.107,12
1175,118.186,23.002,9.107,12
1176,118.186,23.002,9.107,12
1177,118.186,23.002,9.107,12
1178,118.186,23.002,9.107,12
1179,118.186,23.002,9.107,12
1180,118.186,23.002,9.107,12
1181,118.186,23.002,9.107,12
1182,118.186,23.002,9.107,12
1183,118.186,23.002,9.107,12
1184,118.186,23.002,9.107,12
1185,118.186,23.002,9.107,12
1186,118.186,23.002,9.107,12
1187,118.186,23.002,9.107,12
1188,118.186,23.002,9.107,12
1189,118.186,23.002,9.107,12
1190,118.186,23.002,9.107,12
1191,118.186,23.002,9.107,12
1192,118.186,23.002,9.107,12
1193,118.186,23.263,9.107,12
1194,118.186,23.263,9.107,12
1195,118.186,23.263,9.107,12
1196,118.186,23.263,9.107,12
1197,118.186,23.263,9.107,12
1198,118.186,23.263,9.107,12
1199,118.186,23.263,9.107,12
1200,118.186,23.263,9.107,12
1201,118.186,23.263,9.107,12
1202,118.186,23.263,9.107,12
1203,118.186,23.544,9.107,12
1204,118.186,23.544,9.107,12
1205,118.186,23.544,9.107,12
1206,118.186,23.544,9.107,12
1207,118.186,23.544,9.107,12
1208,118.186,23.544,9.107,12
1209,118.186,23.544,9.107,12
1210,118.186,23.544,9.107,12
1211,118.186,23.544,9.107,12
1212,118.186,23.544,9.107,12
1213,118.186,23.544,9.107,12
1214,118.186,23.544,9.107,12
1215,118.186,23.544,9.107,12
1216,118.186,23.544,9.107,12
1217,118.186,23.544,9.417,12
1218,118.186,23.544,9.417,12
1219,118.186,23.544,9.417,12
1220,118.186,23.544,9.417,12
1221,118.186,23.544,9.417,12
1222,118.186,23.544,9.417,12
1223,118.186,23.544,9.417,12
1224,118.186,23.544,9.417,12
1225,118.186,23.544,9.417,12
1226,118.186,23.544,9.417,12
1227,118.186,23.544,9.417,12
1228,118.186,23.544,9.417,12
1229,118.186,23.544,9.417,12
1230,118.186,23.544,9.417,12
1231,118.186,23.544,9.417,12
1232,118.186,23.544,9.417,12
1233,118.186,23.544,9.417,12
1234,118.186,23.544,9.417,12
1235,118.186,23.544,9.417,12
1236,118.186,23.544,9.417,12
1237,118.186,23.544,9.417,12
1238,118.186,23.544,9.706,12
1239,118.186,23.544,9.706,12
1240,118.186,23.544,9.706,12
1241,118.186,23.544,9.706,12
1242,118.186,23.544,9.933,12
1243,118.186,23.544,9.933,12
1244,118.186,23.544,9.933,12
1245,119.308,23.776,10.214,12
1246,119.308,24.055,10.214,12
1247,119.308,24.055,10.214,12
1248,122.597,24.055,10.214,12
1249,122.597,24.055,10.214,12
1250,122.597,24.055,10.486,12
1251,122.597,24.055,10.486,12
1252,124.464,24.373,10.486,12
1253,124.464,24.373,10.486,12
1254,124.464,24.373,10.486,12
1255,124.464,24.373,10.486,12
1256,124.464,24.373,10.486,12
1257,124.464,24.373,10.486,12
1258,125.733,24.373,10.742,12
1259,125.733,24.373,10.742,12
1260,125.733,24.373,11.03,12
1261,125.733,24.653,11.289,12
1262,125.733,24.929,11.521,12
1263,125.733,25.196,11.521,12
1264,125.733,25.196,11.521,12
1265,125.733,25.196,11.521,12
1266,125.733,25.196,11.521,12
1267,125.733,25.506,11.521,12
1268,128.056,25.506,11.521,12
1269,128.056,25.506,11.521,12
1270,128.056,25.506,11.805,12
1271,128.056,25.506,12.48,12
1272,128.056,25.506,12.48,12
1273,128.056,25.506,12.721,12
1274,128.056,25.506,12.721,12
1275,128.056,25.506,12.721,12
1276,130.661,25.506,13.01,12
1277,130.661,25.77,13.01,12
1278,130.661,25.77,13.01,12
1279,130.661,25.77,13.01,12
1280,130.661,25.77,13.01,12
1281,132.675,25.77,13.01,12
1282,132.675,25.961,13.01,12
1283,132.675,26.379,13.01,12
1284,133.822,26.663,13.01,12
1285,133.822,26.663,13.01,12
1286,133.822,26.663,13.25,12
1287,136.694,26.663,13.25,12
1288,136.694,26.663,13.505,12
1289,136.694,26.88,13.505,12
1290,139.203,27.123,13.505,12
1291,139.203,27.123,13.505,12
1292,141.922,27.379,13.505,12
1293,141.922,27.379,13.505,12
1294,141.922,27.379,13.505,12
1295,141.922,27.379,13.762,12
1296,144.307,27.379,13.762,12
1297,144.307,27.379,14.05,12
1298,144.307,27.379,14.05,12
1299,144.307,27.379,14.05,12
1300,144.307,27.379,14.05,12
1301,145.479,27.379,14.05,12
1302,145.479,27.379,14.05,12
1303,145.479,27.639,14.05,12
1304,146.514,27.639,14.05,12
1305,146.514,27.639,14.05,12
1306,146.514,27.639,14.05,12
1307,148.766,27.639,14.336,12
1308,148.766,27.639,14.336,12
1309,151.245,27.639,14.659,12
1310,151.245,27.639,14.659,12
1311,152.527,27.639,14.659,12
1312,152.527,27.731,14.659,12
1313,152.527,27.731,14.659,12
1314,152.527,27.731,14.659,12
1315,152.527,27.731,14.659,12
1316,153.095,27.731,14.659,12
1317,153.095,27.731,14.659,12
1318,153.095,27.731,14.659,12
1319,153.095,27.884,14.659,12
1320,153.095,28.184,14.659,12
1321,156.489,28.184,14.918,12
1322,156.489,28.184,14.918,12
1323,156.489,28.184,14.918,12
1324,156.489,28.184,14.918,12
1325,156.489,28.184,14.918,12
1326,156.489,28.184,14.918,12
1327,158.489,28.184,15.204,12
1328,158.489,28.184,15.204,12
1329,158.489,28.184,15.204,12
1330,158.489,28.184,15.204,12
1331,158.489,28.184,15.204,12
1332,158.489,28.184,15.204,12
1333,158.489,28.184,15.204,12
1334,158.489,28.184,15.204,12
1335,158.489,28.184,15.204,12
1336,158.489,28.184,15.204,12
1337,158.489,28.184,15.204,12
1338,158.489,28.184,15.204,12
1339,158.489,28.184,15.204,12
1340,158.489,28.184,15.204,12
1341,158.489,28.184,15.204,12
1342,158.489,28.184,15.204,12
1343,158.489,28.429,15.204,12
1344,158.489,28.429,15.204,12
1345,158.489,28.429,15.493,12
1346,158.489,28.429,15.493,12
1347,158.489,28.429,15.493,12
1348,158.489,28.429,15.493,12
1349,158.489,28.429,15.493,12
1350,158.489,28.429,15.493,12
1351,158.489,28.429,15.493,12
1352,158.489,28.429,15.493,12
1353,158.489,28.429,15.493,12
1354,158.489,28.429,15.493,12
1355,158.489,28.429,15.493,12
1356,158.489,28.429,15.493,12
1357,158.489,28.429,15.493,12
1358,158.489,28.429,15.493,12
1359,158.489,28.429,15.493,12
1360,158.489,28.429,15.493,12
1361,158.489,28.429,15.493,12
1362,158.489,28.429,15.493,12
1363,158.489,28.429,15.493,12
1364,158.489,28.429,15.493,12
1365,158.489,28.429,15.493,12
1366,158.489,28.429,15.493,12
1367,158.489,28.429,15.493,12
1368,158.489,28.429,15.493,12
1369,158.489,28.429,15.493,12
1370,158.489,28.429,15.493,12
1371,158.489,28.429,15.493,12
1372,158.489,28.429,15.493,12
1373,158.489,28.429,15.493,12
1374,158.489,28.429,15.493,12
1375,158.489,28.429,15.493,12
1376,158.489,28.429,15.493,12
1377,158.489,28.429,15.493,12
1378,158.489,28.429,15.493,12
1379,158.489,28.429,15.493,12
1380,158.489,28.429,15.493,12
1381,158.489,28.429,15.493,12
1382,158.489,28.429,15.493,12
1383,158.489,28.429,15.493,12
1384,158.489,28.429,15.493,12
1385,158.489,28.429,15.493,12
1386,158.489,28.429,15.493,12
1387,158.489,28.429,15.493,12
1388,158.489,28.429,15.493,12
1389,158.489,28.429,15.493,12
1390,158.489,28.429,15.493,12
1391,158.489,28.429,15.493,12
1392,158.489,28.429,15.493,12
1393,158.489,28.429,15.493,12
1394,158.489,28.429,15.493,12
1395,158.489,28.429,15.493,12
1396,158.489,28.429,15.493,12
1397,158.489,28.429,15.493,12
1398,158.489,28.429,15.493,12
1399,158.489,28.429,15.493,12
1400,158.489,28.429,15.493,12
1401,158.489,28.429,15.493,12
1402,158.489,28.429,15.493,12
1403,158.489,28.429,15.493,12
1404,158.489,28.554,15.493,12
1405,158.489,28.554,15.493,12
1406,158.489,28.554,15.493,12
1407,158.489,28.554,15.493,12
1408,158.489,28.554,15.493,12
1409,158.489,28.554,15.493,12
1410,158.489,28.554,15.493,12
1411,158.489,28.554,15.493,12
1412,158.489,28.554,15.493,12
1413,158.489,28.554,15.493,12
1414,158.489,28.554,15.493,12
1415,158.489,28.554,15.493,12
1416,158.489,28.554,15.493,12
1417,158.489,28.816,15.493,12
1418,158.489,28.816,15.493,12
1419,158.489,28.816,15.493,12
1420,158.489,28.816,15.493,12
1421,158.489,28.816,15.493,12
1422,158.489,28.816,15.493,12
1423,158.489,28.816,15.493,12
1424,158.489,28.816,15.493,12
1425,158.489,28.816,15.493,12
1426,158.489,29.081,15.493,12
1427,158.489,29.081,15.493,12
1428,158.489,29.081,15.493,12
1429,158.489,29.081,15.493,12
1430,158.489,29.081,15.493,12
1431,158.489,29.081,15.493,12
1432,158.489,29.081,15.493,12
1433,158.489,29.081,15.493,12
1434,158.489,29.081,15.493,12
1435,158.489,29.081,15.493,12
1436,158.489,29.081,15.493,12
1437,158.489,29.081,15.493,12
1438,158.489,29.081,15.493,12
1439,158.489,29.081,15.493,12
1440,158.489,29.081,15.493,12
1441,158.489,29.081,15.493,12
1442,158.489,29.081,15.493,12
1443,158.489,29.081,15.493,12
1444,158.489,29.081,15.493,12
1445,158.489,29.081,15.493,12
1446,158.489,29.081,15.493,12
1447,158.489,29.081,15.493,12
1448,158.489,29.081,15.493,12
1449,158.489,29.081,15.493,12
1450,158.489,29.081,15.493,12
1451,158.489,29.081,15.493,12
1452,158.489,29.081,15.493,12
1453,158.489,29.081,15.493,12
1454,158.489,29.21,15.493,12
1455,158.489,29.21,15.493,12
1456,158.489,29.21,15.493,12
1457,158.489,29.21,15.493,12
1458,158.489,29.21,15.493,12
1459,158.489,29.21,15.493,12
1460,158.489,29.21,15.493,12
1461,158.489,29.21,15.493,12
1462,158.489,29.21,15.493,12
1463,158.489,29.21,15.737,12
1464,158.489,29.498,15.737,12
1465,158.489,29.498,15.737,12
1466,158.489,29.498,15.737,12
1467,158.489,29.498,15.737,12
1468,158.489,29.498,15.737,12
1469,158.489,29.498,15.737,12
1470,158.489,29.498,15.737,12
1471,158.489,29.498,15.737,12
1472,158.489,29.498,15.737,12
1473,158.489,29.498,15.737,12
1474,158.489,29.498,15.737,12
1475,158.489,29.498,15.737,12
1476,158.489,29.498,15.737,12
1477,158.489,29.498,15.737,12
1478,158.489,29.498,15.737,12
1479,158.935,29.498,15.737,12
1480,158.935,29.498,15.737,12
1481,158.935,29.498,15.737,12
1482,158.935,29.498,15.737,12
1483,158.935,29.498,15.737,12
1484,158.935,29.498,15.737,12
1485,158.935,29.498,15.737,12
1486,158.935,29.498,15.737,12
1487,158.935,29.498,15.737,12
1488,158.935,29.498,15.737,12
1489,158.935,29.498,16.186,12
1490,158.935,29.498,16.186,12
1491,158.935,29.498,16.186,12
1492,158.935,29.678,16.186,12
1493,158.935,29.678,16.186,12
1494,158.935,29.678,16.186,12
1495,158.935,29.678,16.186,12
1496,158.935,29.678,16.186,12
1497,158.935,29.678,16.186,12
1498,158.935,29.678,16.186,12
1499,158.935,29.678,16.186,12
1500,158.935,29.678,16.186,12
1501,158.935,29.678,16.186,12
1502,158.935,29.678,16.186,12
1503,158.935,29.678,16.186,12
1504,158.935,29.678,16.186,12
1505,158.935,29.678,16.186,12
1506,158.935,29.678,16.186,12
1507,158.935,29.678,16.186,12
1508,158.935,29.678,16.186,12
1509,158.935,29.678,16.186,12
1510,158.935,29.678,16.186,12
1511,158.935,29.678,16.186,12
1512,158.935,29.678,16.186,12
1513,158.935,29.678,16.186,12
1514,158.935,29.678,16.186,12
1515,158.935,29.678,16.186,12
1516,158.935,29.678,16.186,12
1517,158.935,29.678,16.186,12
1518,158.935,29.678,16.186,12
1519,158.935,29.678,16.47,12
1520,158.935,29.678,16.47,12
1521,158.935,29.678,16.47,12
1522,158.935,29.678,16.47,12
1523,158.935,29.678,16.47,12
1524,158.935,29.678,16.47,12
1525,158.935,29.678,16.47,12
1526,158.935,29.678,16.47,12
1527,161.915,29.678,16.47,12
1528,161.915,29.678,16.47,12
1529,161.915,29.678,16.47,12
1530,161.915,29.678,16.47,12
1531,161.915,29.678,16.47,12
1532,161.915,29.678,16.47,12
1533,161.915,29.678,16.47,12
1534,161.915,29.678,16.47,12
1535,161.915,29.678,16.47,12
1536,161.915,29.678,16.47,12
1537,161.915,29.678,16.47,12
1538,161.915,29.678,16.47,12
1539,161.915,29.678,16.47,12
1540,161.915,29.678,16.47,12
1541,161.915,29.678,16.47,12
1542,161.915,29.678,16.47,12
1543,161.915,29.678,16.47,12
1544,161.915,29.678,16.47,12
1545,161.915,29.678,16.47,12
1546,161.915,29.678,16.47,12
1547,161.915,29.678,16.47,12
1548,161.915,29.678,16.47,12
1549,161.915,29.678,16.47,12
1550,161.915,29.678,16.47,12
1551,161.915,29.678,16.47,12
1552,161.915,29.678,16.47,12
1553,161.915,29.678,16.47,12
1554,161.915,29.678,16.47,12
1555,161.915,29.678,16.47,12
1556,161.915,29.678,16.47,12
1557,161.915,29.678,16.47,12
1558,161.915,29.678,16.47,12
1559,161.915,29.678,16.47,12
1560,161.915,29.678,16.47,12
1561,161.915,29.678,16.47,12
1562,161.915,29.678,16.47,12
1563,161.915,29.678,16.47,12
1564,161.915,29.678,16.47,12
1565,161.915,29.959,16.47,12
1566,161.915,29.959,16.47,12
1567,161.915,29.959,16.47,12
1568,161.915,29.959,16.47,12
1569,161.915,29.959,16.47,12
1570,161.915,29.959,16.47,12
1571,161.915,29.959,16.47,12
1572,161.915,29.959,16.47,12
1573,161.915,29.959,16.47,12
1574,161.915,29.959,16.47,12
1575,161.915,29.959,16.47,12
1576,161.915,29.959,16.693,12
1577,161.915,29.959,16.693,12
1578,161.915,29.959,16.693,12
1579,161.915,29.959,16.693,12
1580,161.915,29.959,16.693,12
1581,161.915,29.959,16.693,12
1582,161.915,29.959,16.693,12
1583,161.915,29.959,16.693,12
1584,161.915,29.959,16.693,12
1585,161.915,29.959,16.693,12
1586,161.915,29.959,16.693,12
1587,161.915,29.959,16.693,12
1588,161.915,29.959,16.693,12
1589,161.915,29.959,16.693,12
1590,161.915,29.959,16.693,12
1591,161.915,29.959,16.693,12
1592,161.915,29.959,16.693,12
1593,161.915,29.959,16.693,12
1594,161.915,29.959,16.693,12
1595,161.915,29.959,16.693,12
1596,161.915,29.959,16.693,12
1597,161.915,29.959,16.693,12
1598,161.915,29.959,16.693,12
1599,161.915,29.959,16.693,12
1600,161.915,29.959,16.693,12
1601,161.915,29.959,16.693,12
1602,161.915,29.959,16.693,12
1603,161.915,29.959,16.693,12
1604,161.915,29.959,16.693,12
1605,161.915,29.959,16.693,12
1606,161.915,29.959,16.693,12
1607,161.915,29.959,16.982,12
1608,161.915,29.959,16.982,12
1609,161.915,29.959,16.982,12
1610,161.915,29.959,17.321,12
1611,161.915,29.959,17.321,12
1612,161.915,29.959,17.321,12
1613,161.915,29.959,17.321,12
1614,161.915,30.231,17.321,12
1615,161.915,30.231,17.321,12
1616,163.753,30.231,17.321,12
1617,163.753,30.386,17.321,12
1618,163.753,30.386,17.321,12
1619,163.753,30.386,17.321,12
1620,163.753,30.386,17.321,12
1621,163.753,30.386,17.321,12
1622,163.753,30.386,17.321,12
1623,163.753,30.386,17.321,12
1624,163.753,30.675,17.321,12
1625,163.753,30.675,17.321,12
1626,163.753,30.675,17.321,12
1627,163.753,30.675,17.546,12
1628,163.753,30.675,17.546,12
1629,164.406,30.675,17.546,12
1630,164.406,30.675,17.546,12
1631,164.406,30.675,17.546,12
1632,164.406,30.675,17.546,12
1633,166.766,30.675,17.546,12
1634,166.766,30.675,17.827,12
1635,168.242,31.428,17.827,12
1636,168.242,31.693,17.827,12
1637,168.868,31.693,17.827,12
1638,168.868,31.693,18.052,12
1639,168.868,32.413,18.052,12
1640,168.868,32.413,18.052,12
1641,168.868,32.413,18.284,12
1642,168.868,32.413,18.284,12
1643,168.868,32.588,18.284,12
1644,168.868,32.858,18.284,12
1645,168.868,32.858,18.284,12
1646,169.685,32.858,18.284,12
1647,169.685,32.858,18.284,12
1648,169.685,33.13,18.284,12
1649,169.685,33.13,18.516,12
1650,169.685,33.13,18.516,12
1651,169.685,33.13,18.516,12
1652,169.685,33.13,18.516,12
1653,169.685,33.13,18.783,12
1654,169.685,33.404,18.783,12
1655,169.685,33.404,18.783,12
1656,169.685,33.404,19.023,12
1657,169.685,33.404,19.023,12
1658,169.685,33.404,19.293,12
1659,170.56,33.404,19.516,12
1660,170.56,33.404,19.516,12
1661,170.56,33.404,19.516,12
1662,170.56,33.404,19.516,12
1663,171.28,33.404,19.727,12
1664,171.975,33.404,19.727,12
1665,177.07,33.404,19.727,12
1666,178.774,33.404,19.727,12
1667,178.774,33.404,19.727,12
1668,178.774,33.404,19.727,12
1669,178.774,33.404,19.727,12
1670,178.774,33.404,19.727,12
1671,178.774,33.404,20.002,12
1672,178.774,33.404,20.002,12
1673,178.774,33.404,20.002,12
1674,178.774,33.404,20.002,12
1675,178.774,33.404,20.002,12
1676,178.774,33.404,20.002,12
1677,178.774,33.404,20.002,12
1678,179.756,33.404,20.002,12
1679,179.756,33.404,20.002,12
1680,183.656,33.404,20.002,12
1681,183.656,33.404,20.197,12
1682,183.656,33.404,20.197,12
1683,183.656,33.787,20.482,12
1684,183.656,33.787,20.736,12
1685,185.596,33.787,20.736,12
1686,185.596,33.787,20.736,12
1687,185.596,33.787,20.736,12
1688,185.596,33.787,20.736,12
1689,185.596,33.787,20.736,12
1690,185.596,33.787,20.736,12
1691,185.596,33.787,20.736,12
1692,185.596,34.026,20.736,12
1693,185.596,34.026,20.736,12
1694,185.596,34.026,20.736,12
1695,185.596,34.026,20.736,12
1696,185.596,34.026,20.948,12
1697,186.39,34.312,20.948,12
1698,186.39,34.312,20.948,12
1699,186.39,34.312,20.948,12
1700,186.39,34.312,20.948,12
1701,186.39,34.312,20.948,12
1702,186.39,34.312,20.948,12
1703,186.39,34.312,20.948,12
1704,186.39,34.312,21.192,12
1705,186.39,34.312,21.192,12
1706,186.39,34.312,21.192,12
1707,186.39,34.312,21.192,12
1708,186.39,34.312,21.192,12
1709,186.39,34.312,21.192,12
1710,186.39,34.312,21.192,12
1711,186.39,34.312,21.192,12
1712,186.39,34.312,21.192,12
1713,186.39,34.312,21.192,12
1714,186.39,34.312,21.192,12
1715,186.39,34.312,21.192,12
1716,186.39,34.312,21.192,12
1717,186.39,34.312,21.192,12
1718,186.39,34.312,21.192,12
1719,186.39,34.312,21.192,12
1720,186.39,34.312,21.192,12
1721,186.39,34.312,21.192,12
1722,186.39,34.312,21.192,12
1723,186.39,34.312,21.192,12
1724,186.39,34.312,21.192,12
1725,186.39,34.312,21.192,12
1726,186.39,34.312,21.192,12
1727,186.39,34.312,21.192,12
1728,186.39,34.312,21.192,12
1729,186.39,34.312,21.192,12
1730,188.284,34.312,21.192,12
1731,188.284,34.312,21.192,12
1732,188.284,34.312,21.192,12
1733,188.284,34.312,21.192,12
1734,188.284,34.312,21.192,12
1735,188.284,34.312,21.192,12
1736,188.284,34.312,21.192,12
1737,188.284,34.312,21.192,12
1738,188.284,34.312,21.192,12
1739,188.284,34.312,21.192,12
1740,188.284,34.312,21.192,12
1741,188.284,34.312,21.192,12
1742,188.284,34.312,21.192,12
1743,188.284,34.312,21.192,12
1744,188.284,34.312,21.192,12
1745,188.284,34.312,21.192,12
1746,188.284,34.561,21.192,12
1747,188.284,34.561,21.192,12
1748,188.284,34.561,21.192,12
1749,188.284,34.561,21.192,12
1750,188.284,34.561,21.192,12
1751,188.284,34.561,21.192,12
1752,188.284,34.561,21.192,12
1753,188.284,34.561,21.192,12
1754,188.284,34.561,21.192,12
1755,188.284,34.561,21.192,12
1756,188.284,34.561,21.192,12
1757,188.284,34.561,21.192,12
1758,188.284,34.561,21.192,12
1759,188.284,34.561,21.192,12
1760,188.284,34.561,21.192,12
1761,188.284,34.561,21.192,12
1762,188.284,34.561,21.192,12
1763,188.284,34.561,21.192,12
1764,188.284,34.561,21.192,12
1765,188.284,34.561,21.192,12
1766,188.284,34.561,21.192,12
1767,188.284,34.561,21.192,12
1768,188.284,34.561,21.192,12
1769,188.284,34.561,21.192,12
1770,188.284,34.561,21.192,12
1771,188.284,34.561,21.192,12
1772,188.284,34.561,21.192,12
1773,188.284,34.561,21.192,12
1774,188.284,34.561,21.192,12
1775,188.284,34.561,21.192,12
1776,188.284,34.561,21.192,12
1777,188.284,34.561,21.192,12
1778,188.284,34.561,21.192,12
1779,188.284,34.561,21.192,12
1780,188.284,34.561,21.192,12
1781,188.284,34.561,21.192,12
1782,188.284,34.561,21.192,12
1783,188.284,34.561,21.192,12
1784,188.284,34.561,21.192,12
1785,188.284,34.561,21.192,12
1786,188.284,34.561,21.192,12
1787,188.284,34.561,21.192,12
1788,188.284,34.561,21.192,12
1789,188.284,34.561,21.192,12
1790,188.284,34.561,21.192,12
1791,188.284,34.561,21.192,12
1792,188.284,34.561,21.192,12
1793,188.284,34.561,21.192,12
1794,188.284,34.561,21.192,12
1795,188.284,34.561,21.192,12
1796,188.284,34.561,21.192,12
1797,188.284,34.561,21.192,12
1798,188.284,34.561,21.192,12
1799,188.284,34.561,21.192,12
1800,188.284,34.561,21.192,12
1801,188.284,34.561,21.192,12
1802,188.284,34.561,21.192,12
1803,189.702,34.561,21.192,12
1804,189.702,34.561,21.192,12
1805,189.702,34.561,21.192,12
1806,189.702,34.561,21.192,12
1807,189.702,34.561,21.192,12
1808,189.702,34.561,21.192,12
1809,189.702,34.561,21.192,12
1810,189.702,34.561,21.192,12
1811,189.702,34.561,21.192,12
1812,189.702,34.561,21.192,12
1813,189.702,34.561,21.192,12
1814,189.702,34.561,21.192,12
1815,189.702,34.561,21.192,12
1816,189.702,34.561,21.192,12
1817,189.702,34.561,21.192,12
1818,189.702,34.561,21.192,12
1819,189.702,34.561,21.192,12
1820,190.183,34.561,21.192,12
1821,190.183,35.052,21.192,12
1822,190.183,35.324,21.192,12
1823,190.183,35.324,21.192,12
1824,190.183,35.324,21.192,12
